INSERT INTO roles (name)
VALUES ('ROLE_USER'),
       ('ROLE_ADMIN');

INSERT INTO users (name, email, password, enabled, role_id)
VALUES ('Admin', 'admin@edufood.com', 'admin123', true, 2),
       ('Ivan', 'ivan@example.com', 'user123', true, 1);

INSERT INTO restaurants (id, name, address)
VALUES (1, 'Pizza Roma', 'ул. Ленина, 1'),
       (2, 'Tokyo Sushi', 'ул. Советская, 2'),
       (3, 'Burger King Street', 'ул. Горького, 3'),
       (4, 'Green Vegan', 'ул. Кирова, 4'),
       (5, 'Texas Steakhouse', 'ул. Ахунбаева, 5'),
       (6, 'Pasta Bella', 'ул. Московская, 6'),
       (7, 'BBQ Smokehouse', 'ул. Фрунзе, 7'),
       (8, 'Ocean Seafood', 'ул. Боконбаева, 8'),
       (9, 'Fast&Fresh', 'ул. Панфилова, 9'),
       (10, 'Sweet Dreams', 'ул. Токтогула, 10'),
       (11, 'Georgian Taste', 'ул. Абдымомунова, 11'),
       (12, 'French Bistro', 'ул. Киевская, 12'),
       (13, 'Doner House', 'ул. Ибраимова, 13'),
       (14, 'Indian Curry', 'ул. Жибек Жолу, 14'),
       (15, 'Mexican Fiesta', 'ул. Чуйская, 15'),
       (16, 'Uzbek Plov Center', 'ул. Байтик Баатыра, 16'),
       (17, 'Chinese Dragon', 'ул. Алма-Атинская, 17'),
       (18, 'Turkish Grill', 'ул. Байтик Баатыра, 18'),
       (19, 'Shashlik Master', 'ул. Тыныстанова, 19'),
       (20, 'Cafe Central Asia', 'ул. Раззакова, 20');

INSERT INTO dishes (name, price, restaurant_id)
VALUES ('Маргарита', 450, 1),
       ('Пепперони', 490, 1),
       ('4 Сыра', 520, 1),
       ('Гавайская', 500, 1),
       ('Диабло', 530, 1),
       ('Капричоза', 510, 1),
       ('Вегетарианская', 470, 1),
       ('Мясная', 550, 1),
       ('Фунги', 480, 1),
       ('Маринара', 460, 1),
       ('Карбонара', 520, 1),
       ('Кальцоне', 500, 1),
       ('Прошутто', 540, 1),
       ('Салями', 500, 1),
       ('Бьянка', 480, 1);

INSERT INTO dishes (name, price, restaurant_id)
VALUES ('Филадельфия', 590, 2),
       ('Калифорния', 560, 2),
       ('Спайси тунец', 600, 2),
       ('Эби ролл', 570, 2),
       ('Сяке маки', 490, 2),
       ('Унаги ролл', 650, 2),
       ('Канада ролл', 620, 2),
       ('Дракон', 660, 2),
       ('Осака сет', 1200, 2),
       ('Самурай сет', 1100, 2),
       ('Мисо суп', 300, 2),
       ('Суши лосось', 350, 2),
       ('Суши тунец', 370, 2),
       ('Темпура ролл', 590, 2),
       ('Суши угорь', 390, 2);

INSERT INTO dishes (name, price, restaurant_id)
VALUES ('Чизбургер', 290, 3),
       ('Дабл бургер', 450, 3),
       ('Бекон бургер', 470, 3),
       ('Кинг бургер', 520, 3),
       ('Чикен бургер', 350, 3),
       ('Фиш бургер', 370, 3),
       ('Острый бургер', 390, 3),
       ('Вегги бургер', 340, 3),
       ('Барбекю бургер', 490, 3),
       ('Бургер с грибами', 450, 3),
       ('Классический гамбургер', 300, 3),
       ('Бургер с яйцом', 370, 3),
       ('Донер-бургер', 410, 3),
       ('Бургер с авокадо', 460, 3),
       ('Чикен наггетсы', 270, 3);

INSERT INTO dishes (name, price, restaurant_id)
VALUES ('Веган-бургер', 390, 4),
       ('Салат Киноа', 350, 4),
       ('Смузи Боул', 320, 4),
       ('Суп Минестроне', 300, 4),
       ('Тофу стир-фрай', 380, 4),
       ('Фалафель', 340, 4),
       ('Хумус с овощами', 300, 4),
       ('Брюссельская капуста', 330, 4),
       ('Гуакамоле с хлебцами', 310, 4),
       ('Зеленый смузи', 250, 4),
       ('Салат Цезарь веган', 360, 4),
       ('Веган пицца', 450, 4),
       ('Овощной суп-пюре', 290, 4),
       ('Крем-суп из тыквы', 300, 4),
       ('Ролл с авокадо', 320, 4);

INSERT INTO dishes (name, price, restaurant_id)
VALUES ('Рибай стейк', 1200, 5),
       ('Ти-бон стейк', 1350, 5),
       ('Стейк Нью-Йорк', 1250, 5),
       ('Стейк Филе Миньон', 1400, 5),
       ('Барбекю ребра', 1100, 5),
       ('Говяжий стейк с чесноком', 1150, 5),
       ('Стейк Стриплойн', 1300, 5),
       ('Куриные крылышки BBQ', 650, 5),
       ('Гамбургер стейк', 600, 5),
       ('Салат с ростбифом', 500, 5),
       ('Гарнир из картофеля', 350, 5),
       ('Гарнир из овощей', 400, 5),
       ('Стейк-суп', 450, 5),
       ('Сырный стейк', 700, 5),
       ('Чизстейк с соусом', 750, 5);

INSERT INTO dishes (name, price, restaurant_id)
VALUES ('Паста Карбонара', 450, 6),
       ('Паста Альфредо', 470, 6),
       ('Паста Болоньезе', 480, 6),
       ('Паста Песто', 460, 6),
       ('Лазанья', 520, 6),
       ('Равиоли с сыром', 500, 6),
       ('Тальятелле с грибами', 490, 6),
       ('Пенне с курицей', 450, 6),
       ('Спагетти с морепродуктами', 600, 6),
       ('Каннеллони', 520, 6),
       ('Феттуччине с лососем', 570, 6),
       ('Паста с овощами', 430, 6),
       ('Ризотто с грибами', 500, 6),
       ('Ризотто с морепродуктами', 550, 6),
       ('Паста с креветками', 600, 6);

INSERT INTO dishes (name, price, restaurant_id)
VALUES ('Свиные ребра BBQ', 900, 7),
       ('Говяжьи ребра', 950, 7),
       ('Куриные крылышки', 500, 7),
       ('Барбекю бургер', 470, 7),
       ('Стейк Чак', 1200, 7),
       ('Стейк Рибай', 1300, 7),
       ('Колбаски гриль', 450, 7),
       ('Салат с барбекю', 400, 7),
       ('Картофель фри', 200, 7),
       ('Овощи на гриле', 350, 7),
       ('Бекон бургер', 480, 7),
       ('Говядина с соусом BBQ', 1100, 7),
       ('Куриная грудка BBQ', 550, 7),
       ('Свиная корейка', 800, 7),
       ('Микс гриль', 1250, 7);

INSERT INTO dishes (name, price, restaurant_id)
VALUES ('Лосось на гриле', 900, 8),
       ('Тунец стейк', 950, 8),
       ('Креветки темпура', 600, 8),
       ('Омар', 2000, 8),
       ('Мидии в соусе', 700, 8),
       ('Севиче из лосося', 650, 8),
       ('Кальмары на гриле', 550, 8),
       ('Суп из морепродуктов', 500, 8),
       ('Фиш энд чипс', 450, 8),
       ('Крабовые котлеты', 800, 8),
       ('Салат с креветками', 400, 8),
       ('Устрицы', 1200, 8),
       ('Сибас на гриле', 900, 8),
       ('Морской коктейль', 600, 8),
       ('Тигровые креветки', 700, 8);

INSERT INTO dishes (name, price, restaurant_id)
VALUES ('Чикен бургер', 350, 9),
       ('Чизбургер', 300, 9),
       ('Гамбургер', 280, 9),
       ('Фишбургер', 320, 9),
       ('Картофель фри', 150, 9),
       ('Наггетсы', 200, 9),
       ('Хот-дог', 250, 9),
       ('Твист картофель', 180, 9),
       ('Салат Цезарь', 300, 9),
       ('Салат с курицей', 320, 9),
       ('Луковые кольца', 170, 9),
       ('Молочный коктейль', 200, 9),
       ('Кола 0.5л', 100, 9),
       ('Сэндвич с тунцом', 280, 9),
       ('Тортилья с курицей', 300, 9);

INSERT INTO dishes (name, price, restaurant_id)
VALUES ('Шоколадный торт', 400, 10),
       ('Чизкейк', 380, 10),
       ('Эклер', 150, 10),
       ('Медовик', 350, 10),
       ('Наполеон', 360, 10),
       ('Меренговый рулет', 300, 10),
       ('Пирожное Картошка', 200, 10),
       ('Тирамису', 400, 10),
       ('Маффин', 180, 10),
       ('Капкейки', 170, 10),
       ('Печенье ассорти', 120, 10),
       ('Панна-котта', 380, 10),
       ('Крем-брюле', 390, 10),
       ('Фруктовый салат', 250, 10),
       ('Мороженое', 200, 10);

INSERT INTO dishes (name, price, restaurant_id)
VALUES ('Хачапури по-аджарски', 400, 11),
       ('Хинкали', 350, 11),
       ('Чахохбили', 450, 11),
       ('Лобио', 300, 11),
       ('Пхали', 280, 11),
       ('Сациви', 500, 11),
       ('Кубдари', 420, 11),
       ('Чурчхела', 150, 11),
       ('Хачапури по-имеретински', 380, 11),
       ('Хачапури по-мегрельски', 400, 11),
       ('Шашлык из курицы', 450, 11),
       ('Шашлык из свинины', 500, 11),
       ('Салат с грецким орехом', 300, 11),
       ('Суп Харчо', 350, 11),
       ('Суп Чихиртма', 330, 11);

INSERT INTO dishes (name, price, restaurant_id)
VALUES ('Луковый суп', 400, 12),
       ('Киш Лорен', 450, 12),
       ('Рататуй', 350, 12),
       ('Стейк тартар', 600, 12),
       ('Утиная ножка конфи', 700, 12),
       ('Багет с сыром', 250, 12),
       ('Круассаны', 200, 12),
       ('Крем-брюле', 380, 12),
       ('Мильфей', 400, 12),
       ('Фуа-гра', 1200, 12),
       ('Салат Нисуаз', 350, 12),
       ('Жюльен с грибами', 320, 12),
       ('Эскарго', 800, 12),
       ('Гратен Дофинуа', 360, 12),
       ('Тарт Татен', 390, 12);

INSERT INTO dishes (name, price, restaurant_id)
VALUES ('Донер с курицей', 300, 13),
       ('Донер с говядиной', 350, 13),
       ('Шаурма с курицей', 280, 13),
       ('Шаурма с говядиной', 330, 13),
       ('Лаваш с овощами', 250, 13),
       ('Лаваш с курицей', 270, 13),
       ('Лаваш с говядиной', 290, 13),
       ('Картофель фри', 150, 13),
       ('Салат Чукка', 200, 13),
       ('Салат Айсберг', 180, 13),
       ('Хумус', 170, 13),
       ('Табуле', 180, 13),
       ('Соус Тахини', 100, 13),
       ('Напиток Ayran', 120, 13),
       ('Пита с курицей', 250, 13);

INSERT INTO dishes (name, price, restaurant_id)
VALUES ('Курица Тика Масала', 500, 14),
       ('Чикен Карри', 450, 14),
       ('Рис Басанти', 300, 14),
       ('Салат Раи́та', 250, 14),
       ('Самоса', 200, 14),
       ('Палак Панир', 400, 14),
       ('Чапати', 100, 14),
       ('Нан чесночный', 120, 14),
       ('Масала Доса', 350, 14),
       ('Бёряни с курицей', 500, 14),
       ('Бёряни с бараниной', 550, 14),
       ('Карри с овощами', 400, 14),
       ('Пападам', 150, 14),
       ('Чатни мятное', 100, 14),
       ('Кофе масала', 200, 14);

INSERT INTO dishes (name, price, restaurant_id)
VALUES ('Тако с курицей', 300, 15),
       ('Тако с говядиной', 320, 15),
       ('Буррито', 350, 15),
       ('Кесадилья', 330, 15),
       ('Фахитас с курицей', 400, 15),
       ('Фахитас с говядиной', 420, 15),
       ('Начос с сыром', 250, 15),
       ('Начос с гуакамоле', 270, 15),
       ('Тамале', 300, 15),
       ('Суп Чили', 350, 15),
       ('Салат с авокадо', 280, 15),
       ('Сальса', 150, 15),
       ('Гуакамоле', 180, 15),
       ('Энчилада', 370, 15),
       ('Мексиканский рис', 250, 15);

INSERT INTO dishes (name, price, restaurant_id)
VALUES ('Плов классический', 400, 16),
       ('Плов с курицей', 450, 16),
       ('Плов с бараниной', 500, 16),
       ('Шурпа', 350, 16),
       ('Манты', 300, 16),
       ('Самса с мясом', 250, 16),
       ('Самса с овощами', 230, 16),
       ('Лагман', 380, 16),
       ('Чучвара', 300, 16),
       ('Салат из свежих овощей', 200, 16),
       ('Чай зелёный', 100, 16),
       ('Лепёшка узбекская', 80, 16),
       ('Бозбаш', 400, 16),
       ('Кебаб из баранины', 450, 16),
       ('Кебаб из курицы', 420, 16);

INSERT INTO dishes (name, price, restaurant_id)
VALUES ('Курица в кисло-сладком соусе', 400, 17),
       ('Говядина с овощами', 450, 17),
       ('Креветки в соусе Чили', 500, 17),
       ('Рис с овощами', 300, 17),
       ('Жареный рис с яйцом', 320, 17),
       ('Лапша Чоу Мейн', 350, 17),
       ('Лапша Удон', 360, 17),
       ('Суп Том Ям', 380, 17),
       ('Суп Вонтон', 350, 17),
       ('Салат с морскими водорослями', 250, 17),
       ('Курица Терияки', 420, 17),
       ('Говядина в соусе Хойсин', 470, 17),
       ('Кальмары в кляре', 400, 17),
       ('Дим сам', 300, 17),
       ('Фрукты в карамели', 280, 17);

INSERT INTO dishes (name, price, restaurant_id)
VALUES ('Кебаб из баранины', 500, 18),
       ('Кебаб из курицы', 450, 18),
       ('Люля-кебаб', 470, 18),
       ('Шашлык из овощей', 350, 18),
       ('Дёнер кебаб', 400, 18),
       ('Пиде с мясом', 420, 18),
       ('Пиде с сыром', 380, 18),
       ('Салат Чобан', 300, 18),
       ('Суп Лахмаджун', 350, 18),
       ('Йогуртовый соус', 100, 18),
       ('Баклава', 200, 18),
       ('Кофе по-турецки', 120, 18),
       ('Курочка на гриле', 420, 18),
       ('Говядина с овощами', 450, 18),
       ('Рис с бараниной', 400, 18);

INSERT INTO dishes (name, price, restaurant_id)
VALUES ('Шашлык из свинины', 500, 19),
       ('Шашлык из курицы', 450, 19),
       ('Шашлык из баранины', 550, 19),
       ('Куриные крылышки', 350, 19),
       ('Свиные ребра', 600, 19),
       ('Говяжьи ребра', 650, 19),
       ('Овощи на гриле', 300, 19),
       ('Картофель на гриле', 250, 19),
       ('Салат греческий', 280, 19),
       ('Салат с овощами', 250, 19),
       ('Хлеб домашний', 100, 19),
       ('Лаваш', 80, 19),
       ('Соус барбекю', 100, 19),
       ('Суп Харчо', 350, 19),
       ('Кефир', 120, 19);

INSERT INTO dishes (name, price, restaurant_id)
VALUES ('Лагман', 350, 20),
       ('Плов с курицей', 400, 20),
       ('Манты', 300, 20),
       ('Самса с мясом', 250, 20),
       ('Суп Шурпа', 380, 20),
       ('Салат из свежих овощей', 200, 20),
       ('Чай зелёный', 100, 20),
       ('Лепёшка', 80, 20),
       ('Кебаб из баранины', 450, 20),
       ('Кебаб из курицы', 420, 20),
       ('Шашлык', 500, 20),
       ('Чучвара', 300, 20),
       ('Бозбаш', 400, 20),
       ('Сладкая самса', 200, 20),
       ('Молочный коктейль', 150, 20);